{
    "$schema": "https://schema.management.azure.com/schemas/2015-01-01/deploymentParameters.json#",
    "contentVersion": "1.0.0.0",
    "parameters": {
        "domainServices_pcacstl_org_name": {
            "value": null
        },
        "virtualNetworks_aadds_vnet_name": {
            "value": null
        },
        "networkSecurityGroups_aadds_nsg_name": {
            "value": null
        },
        "loadBalancers_aadds_37be4df085ca42248de9198a136bca7a_lb_name": {
            "value": null
        },
        "networkInterfaces_aadds_2be0c01661e24f538b0c2f85051dfb48_nic_name": {
            "value": null
        },
        "networkInterfaces_aadds_62937565d0e149268b4040f54b07815a_nic_name": {
            "value": null
        },
        "publicIPAddresses_aadds_37be4df085ca42248de9198a136bca7a_pip_name": {
            "value": null
        }
    }
}