{
    "$schema": "https://schema.management.azure.com/schemas/2019-04-01/deploymentTemplate.json#",
    "contentVersion": "1.0.0.0",
    "parameters": {
        "domainServices_pcacstl_org_name": {
            "defaultValue": "pcacstl.org",
            "type": "String"
        },
        "virtualNetworks_aadds_vnet_name": {
            "defaultValue": "aadds-vnet",
            "type": "String"
        },
        "networkSecurityGroups_aadds_nsg_name": {
            "defaultValue": "aadds-nsg",
            "type": "String"
        },
        "loadBalancers_aadds_37be4df085ca42248de9198a136bca7a_lb_name": {
            "defaultValue": "aadds-37be4df085ca42248de9198a136bca7a-lb",
            "type": "String"
        },
        "networkInterfaces_aadds_2be0c01661e24f538b0c2f85051dfb48_nic_name": {
            "defaultValue": "aadds-2be0c01661e24f538b0c2f85051dfb48-nic",
            "type": "String"
        },
        "networkInterfaces_aadds_62937565d0e149268b4040f54b07815a_nic_name": {
            "defaultValue": "aadds-62937565d0e149268b4040f54b07815a-nic",
            "type": "String"
        },
        "publicIPAddresses_aadds_37be4df085ca42248de9198a136bca7a_pip_name": {
            "defaultValue": "aadds-37be4df085ca42248de9198a136bca7a-pip",
            "type": "String"
        }
    },
    "variables": {},
    "resources": [
        {
            "type": "Microsoft.Network/networkSecurityGroups",
            "apiVersion": "2020-11-01",
            "name": "[parameters('networkSecurityGroups_aadds_nsg_name')]",
            "location": "centralus",
            "properties": {
                "securityRules": [
                    {
                        "name": "AllowPSRemoting",
                        "properties": {
                            "protocol": "Tcp",
                            "sourcePortRange": "*",
                            "destinationPortRange": "5986",
                            "sourceAddressPrefix": "AzureActiveDirectoryDomainServices",
                            "destinationAddressPrefix": "*",
                            "access": "Allow",
                            "priority": 301,
                            "direction": "Inbound",
                            "sourcePortRanges": [],
                            "destinationPortRanges": [],
                            "sourceAddressPrefixes": [],
                            "destinationAddressPrefixes": []
                        }
                    },
                    {
                        "name": "AllowRD",
                        "properties": {
                            "protocol": "Tcp",
                            "sourcePortRange": "*",
                            "destinationPortRange": "3389",
                            "sourceAddressPrefix": "CorpNetSaw",
                            "destinationAddressPrefix": "*",
                            "access": "Allow",
                            "priority": 201,
                            "direction": "Inbound",
                            "sourcePortRanges": [],
                            "destinationPortRanges": [],
                            "sourceAddressPrefixes": [],
                            "destinationAddressPrefixes": []
                        }
                    }
                ]
            }
        },
        {
            "type": "Microsoft.Network/publicIPAddresses",
            "apiVersion": "2020-11-01",
            "name": "[parameters('publicIPAddresses_aadds_37be4df085ca42248de9198a136bca7a_pip_name')]",
            "location": "centralus",
            "sku": {
                "name": "Standard",
                "tier": "Regional"
            },
            "zones": [
                "1",
                "2",
                "3"
            ],
            "properties": {
                "ipAddress": "52.154.241.212",
                "publicIPAddressVersion": "IPv4",
                "publicIPAllocationMethod": "Static",
                "idleTimeoutInMinutes": 4,
                "dnsSettings": {
                    "domainNameLabel": "cust-p-c-a-c-s-t-l-0-o-r-g-37be4df0-85ca-4224-8de9-198a136bca7a",
                    "fqdn": "cust-p-c-a-c-s-t-l-0-o-r-g-37be4df0-85ca-4224-8de9-198a136bca7a.centralus.cloudapp.azure.com"
                },
                "ipTags": []
            }
        },
        {
            "type": "Microsoft.AAD/domainServices",
            "apiVersion": "2020-01-01",
            "name": "[parameters('domainServices_pcacstl_org_name')]",
            "location": "centralus",
            "dependsOn": [
                "[resourceId('Microsoft.Network/virtualNetworks/subnets', parameters('virtualNetworks_aadds_vnet_name'), 'aadds-subnet')]"
            ],
            "properties": {
                "domainName": "[parameters('domainServices_pcacstl_org_name')]",
                "replicaSets": [
                    {
                        "location": "Central US",
                        "subnetId": "[resourceId('Microsoft.Network/virtualNetworks/subnets', parameters('virtualNetworks_aadds_vnet_name'), 'aadds-subnet')]"
                    }
                ],
                "ldapsSettings": {
                    "ldaps": "Disabled",
                    "externalAccess": "Disabled"
                },
                "domainSecuritySettings": {
                    "ntlmV1": "Enabled",
                    "tlsV1": "Enabled",
                    "syncNtlmPasswords": "Enabled",
                    "syncKerberosPasswords": "Enabled",
                    "syncOnPremPasswords": "Enabled"
                },
                "filteredSync": "Disabled",
                "resourceForestSettings": {
                    "settings": []
                },
                "domainConfigurationType": "FullySynced",
                "notificationSettings": {
                    "notifyGlobalAdmins": "Enabled",
                    "notifyDcAdmins": "Enabled",
                    "additionalRecipients": []
                },
                "sku": "Standard"
            }
        },
        {
            "type": "Microsoft.Network/loadBalancers/backendAddressPools",
            "apiVersion": "2020-11-01",
            "name": "[concat(parameters('loadBalancers_aadds_37be4df085ca42248de9198a136bca7a_lb_name'), '/XRZNSUWSER-ESMQBe')]",
            "dependsOn": [
                "[resourceId('Microsoft.Network/loadBalancers', parameters('loadBalancers_aadds_37be4df085ca42248de9198a136bca7a_lb_name'))]"
            ],
            "properties": {
                "loadBalancerBackendAddresses": [
                    {
                        "name": "domainservices_aadds-62937565d0e149268b4040f54b07815a-nicRJJGNDOBJHLOXBLIpcfg",
                        "properties": {}
                    },
                    {
                        "name": "domainservices_aadds-2be0c01661e24f538b0c2f85051dfb48-nicFVQBICSV9KSTBRVIpcfg",
                        "properties": {}
                    }
                ]
            }
        },
        {
            "type": "Microsoft.Network/loadBalancers/inboundNatRules",
            "apiVersion": "2020-11-01",
            "name": "[concat(parameters('loadBalancers_aadds_37be4df085ca42248de9198a136bca7a_lb_name'), '/FVQBICSV9KSTBRVPsh')]",
            "dependsOn": [
                "[resourceId('Microsoft.Network/loadBalancers', parameters('loadBalancers_aadds_37be4df085ca42248de9198a136bca7a_lb_name'))]"
            ],
            "properties": {
                "frontendIPConfiguration": {
                    "id": "[concat(resourceId('Microsoft.Network/loadBalancers', parameters('loadBalancers_aadds_37be4df085ca42248de9198a136bca7a_lb_name')), '/frontendIPConfigurations/XRZNSUWSER-ESMQFe')]"
                },
                "frontendPort": 5987,
                "backendPort": 5986,
                "enableFloatingIP": false,
                "idleTimeoutInMinutes": 15,
                "protocol": "Tcp",
                "enableTcpReset": false
            }
        },
        {
            "type": "Microsoft.Network/loadBalancers/inboundNatRules",
            "apiVersion": "2020-11-01",
            "name": "[concat(parameters('loadBalancers_aadds_37be4df085ca42248de9198a136bca7a_lb_name'), '/RJJGNDOBJHLOXBLPsh')]",
            "dependsOn": [
                "[resourceId('Microsoft.Network/loadBalancers', parameters('loadBalancers_aadds_37be4df085ca42248de9198a136bca7a_lb_name'))]"
            ],
            "properties": {
                "frontendIPConfiguration": {
                    "id": "[concat(resourceId('Microsoft.Network/loadBalancers', parameters('loadBalancers_aadds_37be4df085ca42248de9198a136bca7a_lb_name')), '/frontendIPConfigurations/XRZNSUWSER-ESMQFe')]"
                },
                "frontendPort": 5986,
                "backendPort": 5986,
                "enableFloatingIP": false,
                "idleTimeoutInMinutes": 15,
                "protocol": "Tcp",
                "enableTcpReset": false
            }
        },
        {
            "type": "Microsoft.Network/networkSecurityGroups/securityRules",
            "apiVersion": "2020-11-01",
            "name": "[concat(parameters('networkSecurityGroups_aadds_nsg_name'), '/AllowPSRemoting')]",
            "dependsOn": [
                "[resourceId('Microsoft.Network/networkSecurityGroups', parameters('networkSecurityGroups_aadds_nsg_name'))]"
            ],
            "properties": {
                "protocol": "Tcp",
                "sourcePortRange": "*",
                "destinationPortRange": "5986",
                "sourceAddressPrefix": "AzureActiveDirectoryDomainServices",
                "destinationAddressPrefix": "*",
                "access": "Allow",
                "priority": 301,
                "direction": "Inbound",
                "sourcePortRanges": [],
                "destinationPortRanges": [],
                "sourceAddressPrefixes": [],
                "destinationAddressPrefixes": []
            }
        },
        {
            "type": "Microsoft.Network/networkSecurityGroups/securityRules",
            "apiVersion": "2020-11-01",
            "name": "[concat(parameters('networkSecurityGroups_aadds_nsg_name'), '/AllowRD')]",
            "dependsOn": [
                "[resourceId('Microsoft.Network/networkSecurityGroups', parameters('networkSecurityGroups_aadds_nsg_name'))]"
            ],
            "properties": {
                "protocol": "Tcp",
                "sourcePortRange": "*",
                "destinationPortRange": "3389",
                "sourceAddressPrefix": "CorpNetSaw",
                "destinationAddressPrefix": "*",
                "access": "Allow",
                "priority": 201,
                "direction": "Inbound",
                "sourcePortRanges": [],
                "destinationPortRanges": [],
                "sourceAddressPrefixes": [],
                "destinationAddressPrefixes": []
            }
        },
        {
            "type": "Microsoft.Network/virtualNetworks",
            "apiVersion": "2020-11-01",
            "name": "[parameters('virtualNetworks_aadds_vnet_name')]",
            "location": "centralus",
            "dependsOn": [
                "[resourceId('Microsoft.Network/networkSecurityGroups', parameters('networkSecurityGroups_aadds_nsg_name'))]"
            ],
            "properties": {
                "addressSpace": {
                    "addressPrefixes": [
                        "10.0.0.0/24",
                        "10.0.1.0/26"
                    ]
                },
                "dhcpOptions": {
                    "dnsServers": [
                        "10.0.0.5",
                        "10.0.0.4"
                    ]
                },
                "subnets": [
                    {
                        "name": "aadds-subnet",
                        "properties": {
                            "addressPrefix": "10.0.0.0/24",
                            "networkSecurityGroup": {
                                "id": "[resourceId('Microsoft.Network/networkSecurityGroups', parameters('networkSecurityGroups_aadds_nsg_name'))]"
                            },
                            "delegations": [],
                            "privateEndpointNetworkPolicies": "Enabled",
                            "privateLinkServiceNetworkPolicies": "Enabled"
                        }
                    },
                    {
                        "name": "workloads",
                        "properties": {
                            "addressPrefix": "10.0.1.0/28",
                            "serviceEndpoints": [],
                            "delegations": [],
                            "privateEndpointNetworkPolicies": "Enabled",
                            "privateLinkServiceNetworkPolicies": "Enabled"
                        }
                    },
                    {
                        "name": "AzureBastionSubnet",
                        "properties": {
                            "addressPrefix": "10.0.1.32/27",
                            "delegations": [],
                            "privateEndpointNetworkPolicies": "Enabled",
                            "privateLinkServiceNetworkPolicies": "Enabled"
                        }
                    }
                ],
                "virtualNetworkPeerings": [],
                "enableDdosProtection": false
            }
        },
        {
            "type": "Microsoft.Network/virtualNetworks/subnets",
            "apiVersion": "2020-11-01",
            "name": "[concat(parameters('virtualNetworks_aadds_vnet_name'), '/AzureBastionSubnet')]",
            "dependsOn": [
                "[resourceId('Microsoft.Network/virtualNetworks', parameters('virtualNetworks_aadds_vnet_name'))]"
            ],
            "properties": {
                "addressPrefix": "10.0.1.32/27",
                "delegations": [],
                "privateEndpointNetworkPolicies": "Enabled",
                "privateLinkServiceNetworkPolicies": "Enabled"
            }
        },
        {
            "type": "Microsoft.Network/virtualNetworks/subnets",
            "apiVersion": "2020-11-01",
            "name": "[concat(parameters('virtualNetworks_aadds_vnet_name'), '/workloads')]",
            "dependsOn": [
                "[resourceId('Microsoft.Network/virtualNetworks', parameters('virtualNetworks_aadds_vnet_name'))]"
            ],
            "properties": {
                "addressPrefix": "10.0.1.0/28",
                "serviceEndpoints": [],
                "delegations": [],
                "privateEndpointNetworkPolicies": "Enabled",
                "privateLinkServiceNetworkPolicies": "Enabled"
            }
        },
        {
            "type": "Microsoft.Network/loadBalancers",
            "apiVersion": "2020-11-01",
            "name": "[parameters('loadBalancers_aadds_37be4df085ca42248de9198a136bca7a_lb_name')]",
            "location": "centralus",
            "dependsOn": [
                "[resourceId('Microsoft.Network/publicIPAddresses', parameters('publicIPAddresses_aadds_37be4df085ca42248de9198a136bca7a_pip_name'))]",
                "[resourceId('Microsoft.Network/loadBalancers/backendAddressPools', parameters('loadBalancers_aadds_37be4df085ca42248de9198a136bca7a_lb_name'), 'XRZNSUWSER-ESMQBe')]"
            ],
            "sku": {
                "name": "Standard",
                "tier": "Regional"
            },
            "properties": {
                "frontendIPConfigurations": [
                    {
                        "name": "XRZNSUWSER-ESMQFe",
                        "properties": {
                            "privateIPAllocationMethod": "Dynamic",
                            "publicIPAddress": {
                                "id": "[resourceId('Microsoft.Network/publicIPAddresses', parameters('publicIPAddresses_aadds_37be4df085ca42248de9198a136bca7a_pip_name'))]"
                            },
                            "privateIPAddressVersion": "IPv4"
                        }
                    }
                ],
                "backendAddressPools": [
                    {
                        "name": "XRZNSUWSER-ESMQBe",
                        "properties": {
                            "loadBalancerBackendAddresses": [
                                {
                                    "name": "domainservices_aadds-62937565d0e149268b4040f54b07815a-nicRJJGNDOBJHLOXBLIpcfg",
                                    "properties": {}
                                },
                                {
                                    "name": "domainservices_aadds-2be0c01661e24f538b0c2f85051dfb48-nicFVQBICSV9KSTBRVIpcfg",
                                    "properties": {}
                                }
                            ]
                        }
                    }
                ],
                "loadBalancingRules": [],
                "probes": [],
                "inboundNatRules": [
                    {
                        "name": "RJJGNDOBJHLOXBLPsh",
                        "properties": {
                            "frontendIPConfiguration": {
                                "id": "[concat(resourceId('Microsoft.Network/loadBalancers', parameters('loadBalancers_aadds_37be4df085ca42248de9198a136bca7a_lb_name')), '/frontendIPConfigurations/XRZNSUWSER-ESMQFe')]"
                            },
                            "frontendPort": 5986,
                            "backendPort": 5986,
                            "enableFloatingIP": false,
                            "idleTimeoutInMinutes": 15,
                            "protocol": "Tcp",
                            "enableTcpReset": false
                        }
                    },
                    {
                        "name": "FVQBICSV9KSTBRVPsh",
                        "properties": {
                            "frontendIPConfiguration": {
                                "id": "[concat(resourceId('Microsoft.Network/loadBalancers', parameters('loadBalancers_aadds_37be4df085ca42248de9198a136bca7a_lb_name')), '/frontendIPConfigurations/XRZNSUWSER-ESMQFe')]"
                            },
                            "frontendPort": 5987,
                            "backendPort": 5986,
                            "enableFloatingIP": false,
                            "idleTimeoutInMinutes": 15,
                            "protocol": "Tcp",
                            "enableTcpReset": false
                        }
                    }
                ],
                "outboundRules": [
                    {
                        "name": "XRZNSUWSER-ESMQGe",
                        "properties": {
                            "allocatedOutboundPorts": 1024,
                            "protocol": "Tcp",
                            "enableTcpReset": false,
                            "idleTimeoutInMinutes": 4,
                            "backendAddressPool": {
                                "id": "[resourceId('Microsoft.Network/loadBalancers/backendAddressPools', parameters('loadBalancers_aadds_37be4df085ca42248de9198a136bca7a_lb_name'), 'XRZNSUWSER-ESMQBe')]"
                            },
                            "frontendIPConfigurations": [
                                {
                                    "id": "[concat(resourceId('Microsoft.Network/loadBalancers', parameters('loadBalancers_aadds_37be4df085ca42248de9198a136bca7a_lb_name')), '/frontendIPConfigurations/XRZNSUWSER-ESMQFe')]"
                                }
                            ]
                        }
                    }
                ],
                "inboundNatPools": []
            }
        },
        {
            "type": "Microsoft.Network/virtualNetworks/subnets",
            "apiVersion": "2020-11-01",
            "name": "[concat(parameters('virtualNetworks_aadds_vnet_name'), '/aadds-subnet')]",
            "dependsOn": [
                "[resourceId('Microsoft.Network/virtualNetworks', parameters('virtualNetworks_aadds_vnet_name'))]",
                "[resourceId('Microsoft.Network/networkSecurityGroups', parameters('networkSecurityGroups_aadds_nsg_name'))]"
            ],
            "properties": {
                "addressPrefix": "10.0.0.0/24",
                "networkSecurityGroup": {
                    "id": "[resourceId('Microsoft.Network/networkSecurityGroups', parameters('networkSecurityGroups_aadds_nsg_name'))]"
                },
                "delegations": [],
                "privateEndpointNetworkPolicies": "Enabled",
                "privateLinkServiceNetworkPolicies": "Enabled"
            }
        },
        {
            "type": "Microsoft.Network/networkInterfaces",
            "apiVersion": "2020-11-01",
            "name": "[parameters('networkInterfaces_aadds_2be0c01661e24f538b0c2f85051dfb48_nic_name')]",
            "location": "centralus",
            "dependsOn": [
                "[resourceId('Microsoft.Network/virtualNetworks/subnets', parameters('virtualNetworks_aadds_vnet_name'), 'aadds-subnet')]",
                "[resourceId('Microsoft.Network/loadBalancers/backendAddressPools', parameters('loadBalancers_aadds_37be4df085ca42248de9198a136bca7a_lb_name'), 'XRZNSUWSER-ESMQBe')]",
                "[resourceId('Microsoft.Network/loadBalancers/inboundNatRules', parameters('loadBalancers_aadds_37be4df085ca42248de9198a136bca7a_lb_name'), 'FVQBICSV9KSTBRVPsh')]"
            ],
            "properties": {
                "ipConfigurations": [
                    {
                        "name": "FVQBICSV9KSTBRVIpcfg",
                        "properties": {
                            "privateIPAddress": "10.0.0.5",
                            "privateIPAllocationMethod": "Dynamic",
                            "subnet": {
                                "id": "[resourceId('Microsoft.Network/virtualNetworks/subnets', parameters('virtualNetworks_aadds_vnet_name'), 'aadds-subnet')]"
                            },
                            "primary": true,
                            "privateIPAddressVersion": "IPv4",
                            "loadBalancerBackendAddressPools": [
                                {
                                    "id": "[resourceId('Microsoft.Network/loadBalancers/backendAddressPools', parameters('loadBalancers_aadds_37be4df085ca42248de9198a136bca7a_lb_name'), 'XRZNSUWSER-ESMQBe')]"
                                }
                            ],
                            "loadBalancerInboundNatRules": [
                                {
                                    "id": "[resourceId('Microsoft.Network/loadBalancers/inboundNatRules', parameters('loadBalancers_aadds_37be4df085ca42248de9198a136bca7a_lb_name'), 'FVQBICSV9KSTBRVPsh')]"
                                }
                            ]
                        }
                    }
                ],
                "dnsSettings": {
                    "dnsServers": [
                        "10.0.0.4",
                        "10.0.0.5"
                    ]
                },
                "enableAcceleratedNetworking": false,
                "enableIPForwarding": false
            }
        },
        {
            "type": "Microsoft.Network/networkInterfaces",
            "apiVersion": "2020-11-01",
            "name": "[parameters('networkInterfaces_aadds_62937565d0e149268b4040f54b07815a_nic_name')]",
            "location": "centralus",
            "dependsOn": [
                "[resourceId('Microsoft.Network/virtualNetworks/subnets', parameters('virtualNetworks_aadds_vnet_name'), 'aadds-subnet')]",
                "[resourceId('Microsoft.Network/loadBalancers/backendAddressPools', parameters('loadBalancers_aadds_37be4df085ca42248de9198a136bca7a_lb_name'), 'XRZNSUWSER-ESMQBe')]",
                "[resourceId('Microsoft.Network/loadBalancers/inboundNatRules', parameters('loadBalancers_aadds_37be4df085ca42248de9198a136bca7a_lb_name'), 'RJJGNDOBJHLOXBLPsh')]"
            ],
            "properties": {
                "ipConfigurations": [
                    {
                        "name": "RJJGNDOBJHLOXBLIpcfg",
                        "properties": {
                            "privateIPAddress": "10.0.0.4",
                            "privateIPAllocationMethod": "Dynamic",
                            "subnet": {
                                "id": "[resourceId('Microsoft.Network/virtualNetworks/subnets', parameters('virtualNetworks_aadds_vnet_name'), 'aadds-subnet')]"
                            },
                            "primary": true,
                            "privateIPAddressVersion": "IPv4",
                            "loadBalancerBackendAddressPools": [
                                {
                                    "id": "[resourceId('Microsoft.Network/loadBalancers/backendAddressPools', parameters('loadBalancers_aadds_37be4df085ca42248de9198a136bca7a_lb_name'), 'XRZNSUWSER-ESMQBe')]"
                                }
                            ],
                            "loadBalancerInboundNatRules": [
                                {
                                    "id": "[resourceId('Microsoft.Network/loadBalancers/inboundNatRules', parameters('loadBalancers_aadds_37be4df085ca42248de9198a136bca7a_lb_name'), 'RJJGNDOBJHLOXBLPsh')]"
                                }
                            ]
                        }
                    }
                ],
                "dnsSettings": {
                    "dnsServers": [
                        "10.0.0.4",
                        "10.0.0.5"
                    ]
                },
                "enableAcceleratedNetworking": false,
                "enableIPForwarding": false
            }
        }
    ]
}