{
    "$schema": "https://schema.management.azure.com/schemas/2015-01-01/deploymentParameters.json#",
    "contentVersion": "1.0.0.0",
    "parameters": {
        "virtualMachines_vm01_name": {
            "value": null
        },
        "networkInterfaces_vm01191_name": {
            "value": null
        },
        "publicIPAddresses_vm01_ip_name": {
            "value": null
        },
        "schedules_shutdown_computevm_vm01_name": {
            "value": null
        },
        "virtualNetworks_aadds_vnet_externalid": {
            "value": null
        }
    }
}