{
    "$schema": "https://schema.management.azure.com/schemas/2019-04-01/deploymentTemplate.json#",
    "contentVersion": "1.0.0.0",
    "parameters": {
        "virtualMachines_vm01_name": {
            "defaultValue": "vm01",
            "type": "String"
        },
        "networkInterfaces_vm01191_name": {
            "defaultValue": "vm01191",
            "type": "String"
        },
        "publicIPAddresses_vm01_ip_name": {
            "defaultValue": "vm01-ip",
            "type": "String"
        },
        "schedules_shutdown_computevm_vm01_name": {
            "defaultValue": "shutdown-computevm-vm01",
            "type": "String"
        },
        "virtualNetworks_aadds_vnet_externalid": {
            "defaultValue": "/subscriptions/72dc8454-dd73-4de1-8b72-b490ebb82e4b/resourceGroups/domainservices/providers/Microsoft.Network/virtualNetworks/aadds-vnet",
            "type": "String"
        }
    },
    "variables": {},
    "resources": [
        {
            "type": "Microsoft.Network/publicIPAddresses",
            "apiVersion": "2020-11-01",
            "name": "[parameters('publicIPAddresses_vm01_ip_name')]",
            "location": "centralus",
            "sku": {
                "name": "Basic",
                "tier": "Regional"
            },
            "properties": {
                "publicIPAddressVersion": "IPv4",
                "publicIPAllocationMethod": "Dynamic",
                "idleTimeoutInMinutes": 4,
                "ipTags": []
            }
        },
        {
            "type": "Microsoft.Compute/virtualMachines",
            "apiVersion": "2020-12-01",
            "name": "[parameters('virtualMachines_vm01_name')]",
            "location": "centralus",
            "dependsOn": [
                "[resourceId('Microsoft.Network/networkInterfaces', parameters('networkInterfaces_vm01191_name'))]"
            ],
            "properties": {
                "hardwareProfile": {
                    "vmSize": "Standard_B2s"
                },
                "storageProfile": {
                    "imageReference": {
                        "publisher": "MicrosoftWindowsServer",
                        "offer": "WindowsServer",
                        "sku": "2016-Datacenter",
                        "version": "latest"
                    },
                    "osDisk": {
                        "osType": "Windows",
                        "name": "[concat(parameters('virtualMachines_vm01_name'), '_OsDisk_1_6405b1c56e9c493f9091140ea79b655e')]",
                        "createOption": "FromImage",
                        "caching": "ReadWrite",
                        "managedDisk": {
                            "id": "[resourceId('Microsoft.Compute/disks', concat(parameters('virtualMachines_vm01_name'), '_OsDisk_1_6405b1c56e9c493f9091140ea79b655e'))]"
                        }
                    },
                    "dataDisks": []
                },
                "osProfile": {
                    "computerName": "[parameters('virtualMachines_vm01_name')]",
                    "adminUsername": "pcacadmin",
                    "windowsConfiguration": {
                        "provisionVMAgent": true,
                        "enableAutomaticUpdates": true,
                        "patchSettings": {
                            "patchMode": "AutomaticByOS",
                            "enableHotpatching": false
                        }
                    },
                    "secrets": [],
                    "allowExtensionOperations": true,
                    "requireGuestProvisionSignal": true
                },
                "networkProfile": {
                    "networkInterfaces": [
                        {
                            "id": "[resourceId('Microsoft.Network/networkInterfaces', parameters('networkInterfaces_vm01191_name'))]"
                        }
                    ]
                },
                "diagnosticsProfile": {
                    "bootDiagnostics": {
                        "enabled": true
                    }
                },
                "licenseType": "Windows_Server"
            }
        },
        {
            "type": "microsoft.devtestlab/schedules",
            "apiVersion": "2018-09-15",
            "name": "[parameters('schedules_shutdown_computevm_vm01_name')]",
            "location": "centralus",
            "dependsOn": [
                "[resourceId('Microsoft.Compute/virtualMachines', parameters('virtualMachines_vm01_name'))]"
            ],
            "properties": {
                "status": "Enabled",
                "taskType": "ComputeVmShutdownTask",
                "dailyRecurrence": {
                    "time": "1730"
                },
                "timeZoneId": "Central Standard Time",
                "notificationSettings": {
                    "status": "Enabled",
                    "timeInMinutes": 30,
                    "emailRecipient": "administrator@pcacstl.onmicrosoft.com",
                    "notificationLocale": "en"
                },
                "targetResourceId": "[resourceId('Microsoft.Compute/virtualMachines', parameters('virtualMachines_vm01_name'))]"
            }
        },
        {
            "type": "Microsoft.Network/networkInterfaces",
            "apiVersion": "2020-11-01",
            "name": "[parameters('networkInterfaces_vm01191_name')]",
            "location": "centralus",
            "dependsOn": [
                "[resourceId('Microsoft.Network/publicIPAddresses', parameters('publicIPAddresses_vm01_ip_name'))]"
            ],
            "properties": {
                "ipConfigurations": [
                    {
                        "name": "ipconfig1",
                        "properties": {
                            "privateIPAddress": "10.0.1.4",
                            "privateIPAllocationMethod": "Dynamic",
                            "publicIPAddress": {
                                "id": "[resourceId('Microsoft.Network/publicIPAddresses', parameters('publicIPAddresses_vm01_ip_name'))]"
                            },
                            "subnet": {
                                "id": "[concat(parameters('virtualNetworks_aadds_vnet_externalid'), '/subnets/workloads')]"
                            },
                            "primary": true,
                            "privateIPAddressVersion": "IPv4"
                        }
                    }
                ],
                "dnsSettings": {
                    "dnsServers": []
                },
                "enableAcceleratedNetworking": false,
                "enableIPForwarding": false
            }
        }
    ]
}